序号,项目名称,项目全名,项目链接,仓库描述,主页网址,项目语言,星标数,Fork数,Watch数,Open_Issues,默认分支,创建时间,更新时间,推送时间,仓库大小_KB,是否为Fork,Topics,License,Owner,Owner类型
1,github-repos,ABC1319/github-repos,https://github.com/ABC1319/github-repos,github-repos，https://abc1319.github.io/github-repos/,,HTML,0,0,0,0,main,2026-08-05T05:09:02Z,2026-08-05T05:26:33Z,2026-08-05T05:30:10Z,0,False,,,ABC1319,User
2,github-star,ABC1319/github-star,https://github.com/ABC1319/github-star,github-星标，https://abc1319.github.io/github-star/,https://github-star-am3.pages.dev/,HTML,1,0,1,0,main,2026-08-05T01:38:55Z,2026-08-05T04:28:38Z,2026-08-05T04:25:03Z,1896,False,,,ABC1319,User
3,iptv-hybrid,ABC1319/iptv-hybrid,https://github.com/ABC1319/iptv-hybrid,iptv自动测速，整理,https://raw.githubusercontent.com/abc1319/iptv-hybrid/main/iptv.m3u,Python,1,0,1,0,main,2026-05-23T10:43:56Z,2026-08-05T03:19:50Z,2026-08-05T03:19:45Z,797,False,,,ABC1319,User
4,bookmarksite,ABC1319/bookmarksite,https://github.com/ABC1319/bookmarksite,,https://abc1319.github.io/bookmarksite/,TypeScript,1,0,1,0,main,2026-08-02T13:22:00Z,2026-08-04T00:22:34Z,2026-08-04T00:22:47Z,131,False,,,ABC1319,User
5,bookmarksite-1e5935df,ABC1319/bookmarksite-1e5935df,https://github.com/ABC1319/bookmarksite-1e5935df,,,TypeScript,0,0,0,0,main,2026-08-03T01:05:21Z,2026-08-03T11:01:01Z,2026-08-03T11:00:00Z,146,False,,,ABC1319,User
6,bookmarksnav-,ABC1319/bookmarksnav-,https://github.com/ABC1319/bookmarksnav-,,https://abc1319.github.io/bookmarksnav-/,TypeScript,0,0,0,0,main,2026-08-02T11:26:04Z,2026-08-02T11:43:01Z,2026-08-02T11:38:44Z,131,False,,,ABC1319,User
7,KiraKira-Blog,ABC1319/KiraKira-Blog,https://github.com/ABC1319/KiraKira-Blog,个人博客，https://kirakira-blog.pages.dev,,TypeScript,0,0,0,0,main,2026-07-09T02:51:56Z,2026-08-02T08:02:38Z,2026-08-02T08:03:04Z,9345,False,,,ABC1319,User
8,drug,ABC1319/drug,https://github.com/ABC1319/drug,导航,,PHP,0,0,0,0,main,2026-08-01T03:34:33Z,2026-08-01T15:48:17Z,2026-08-01T15:48:10Z,7591,False,,,ABC1319,User
9,ebook,ABC1319/ebook,https://github.com/ABC1319/ebook,ebook导航,,HTML,1,0,1,0,main,2026-08-01T15:40:10Z,2026-08-01T15:45:15Z,2026-08-01T15:44:57Z,83,False,,,ABC1319,User
10,UniIPTV,ABC1319/UniIPTV,https://github.com/ABC1319/UniIPTV,UniIPTV 是一个基于 GitHub Actions 全自动运行的 IPTV 直播源聚合清洗方案，https://gh-proxy.org/https://raw.githubusercontent.com/ABC1319/UniIPTV/gh-pages/tv.m3u,https://raw.githubusercontent.com/ABC1319/UniIPTV/gh-pages/tv.m3u,Python,2,1,2,0,main,2026-05-23T08:53:41Z,2026-07-26T08:57:15Z,2026-08-05T01:50:20Z,13179,False,,,ABC1319,User
11,ima-downloader-pro,ABC1319/ima-downloader-pro,https://github.com/ABC1319/ima-downloader-pro,ima-downloader-pro,,Python,0,0,0,0,main,2026-07-26T03:52:32Z,2026-07-26T04:06:24Z,2026-07-26T04:05:39Z,62,False,,,ABC1319,User
12,ima-kb-to-wewrite-style,ABC1319/ima-kb-to-wewrite-style,https://github.com/ABC1319/ima-kb-to-wewrite-style,WorkBuddy/CodeBuddy Skill: 把 IMA 知识库（含分享链接）提炼为 WeWrite 文章风格库,,,0,0,0,0,main,2026-07-26T12:28:18Z,2026-07-26T12:28:19Z,2026-07-21T04:10:48Z,8,False,,,ABC1319,User
13,NavigationSite,ABC1319/NavigationSite,https://github.com/ABC1319/NavigationSite,"Navigation Site,https://navigationsite-2g6.pages.dev/",https://navigationsite.13145219.xyz/,TypeScript,0,0,0,0,main,2026-07-08T05:45:33Z,2026-07-09T00:42:50Z,2026-07-09T00:43:09Z,3938,False,,,ABC1319,User
14,navigation-site,ABC1319/navigation-site,https://github.com/ABC1319/navigation-site,navigation-site,,TypeScript,0,0,0,0,main,2026-07-08T02:18:37Z,2026-07-08T02:26:32Z,2026-07-08T02:26:29Z,671,False,,,ABC1319,User
15,sitenavs-pro,ABC1319/sitenavs-pro,https://github.com/ABC1319/sitenavs-pro,https://sitenavs-pro.pages.dev/,,TypeScript,0,0,0,0,main,2026-07-06T08:38:23Z,2026-07-07T19:51:09Z,2026-07-07T19:51:42Z,10166,False,,,ABC1319,User
16,Sitenavs,ABC1319/Sitenavs,https://github.com/ABC1319/Sitenavs,drugx导航，https://sitenavs.pages.dev/,,TypeScript,0,0,0,0,main,2026-07-06T04:30:03Z,2026-07-06T08:20:42Z,2026-07-06T08:21:05Z,4547,False,,,ABC1319,User
17,HPLC,ABC1319/HPLC,https://github.com/ABC1319/HPLC,液相色谱梯度优化 · 多区间分离,https://hplc.pages.dev/,HTML,0,0,0,0,main,2026-07-05T07:31:05Z,2026-07-08T15:19:18Z,2026-07-05T07:35:20Z,44,False,,,ABC1319,User
18,so,ABC1319/so,https://github.com/ABC1319/so,,https://so-1so.pages.dev,HTML,0,0,0,0,main,2024-01-17T12:19:49Z,2026-07-02T03:14:38Z,2026-07-02T03:14:35Z,8052,False,,MIT,ABC1319,User
19,z-index,ABC1319/z-index,https://github.com/ABC1319/z-index,z-index，https://z-index-epc.pages.dev/,,CSS,0,0,0,0,main,2026-06-30T17:25:02Z,2026-06-30T17:31:17Z,2026-06-30T17:26:53Z,1785,False,,,ABC1319,User
20,aig123,ABC1319/aig123,https://github.com/ABC1319/aig123,aig123导航-www.aig123.com，https://aig123.pages.dev/,,HTML,0,0,0,0,main,2026-06-30T10:40:46Z,2026-06-30T10:51:37Z,2026-06-30T11:07:30Z,19383,False,,,ABC1319,User
21,Ai-bot,ABC1319/Ai-bot,https://github.com/ABC1319/Ai-bot,Ai-bot（ai-bot.cn），https://ai-bot-6b6.pages.dev/,,HTML,0,0,0,0,main,2026-06-30T08:38:36Z,2026-06-30T09:05:11Z,2026-06-30T09:06:58Z,16720,False,,,ABC1319,User
22,HG,ABC1319/HG,https://github.com/ABC1319/HG,HG|化工导航（hg-dh.com），自动获取logo，https://hg-6ru.pages.dev/,,HTML,0,0,0,0,main,2026-06-29T15:47:48Z,2026-06-30T01:45:43Z,2026-06-30T01:46:28Z,1003,False,,,ABC1319,User
23,chemnav,ABC1319/chemnav,https://github.com/ABC1319/chemnav,化研导航（chemnav.wispass.com），https://chemnav.pages.dev/,,HTML,0,0,0,0,main,2026-06-29T11:23:43Z,2026-06-29T11:45:56Z,2026-06-29T11:43:41Z,30902,False,,,ABC1319,User
24,Aigcnav,ABC1319/Aigcnav,https://github.com/ABC1319/Aigcnav,aigc导航，www.aigc.cn，https://aigcnav-ev7.pages.dev/,,HTML,0,0,0,0,main,2026-06-29T06:36:16Z,2026-06-29T08:21:00Z,2026-06-29T08:20:48Z,30142,False,,,ABC1319,User
25,Drugnavs,ABC1319/Drugnavs,https://github.com/ABC1319/Drugnavs,"Drugnavs - 专业的医药研发学术文献搜索导航网站drugrd.cn,https://drugnavs.pages.dev/",,TypeScript,0,0,0,0,main,2026-06-28T11:42:22Z,2026-06-28T14:37:53Z,2026-06-28T14:37:49Z,3383,False,,,ABC1319,User
26,drugsitenav,ABC1319/drugsitenav,https://github.com/ABC1319/drugsitenav,导航www.drugsnav.com，https://drugsitenav.pages.dev/,,TypeScript,0,0,0,0,main,2026-06-28T03:50:39Z,2026-06-28T13:55:48Z,2026-06-28T13:56:11Z,40305,False,,,ABC1319,User
27,drugsite,ABC1319/drugsite,https://github.com/ABC1319/drugsite,drugsite导航，canbigou，https://drugsite.pages.dev/,,TypeScript,0,0,0,0,main,2026-06-25T19:55:32Z,2026-06-27T04:04:59Z,2026-06-27T04:05:33Z,4050,False,,,ABC1319,User
28,drugsites,ABC1319/drugsites,https://github.com/ABC1319/drugsites,drugsites导航，https://drugsites.pages.dev,,HTML,0,0,0,0,main,2026-06-26T02:03:10Z,2026-06-26T05:03:18Z,2026-06-26T05:03:15Z,4185,False,,,ABC1319,User
29,allfordrug,ABC1319/allfordrug,https://github.com/ABC1319/allfordrug,allfordrug导航，https://allfordrug.pages.dev/,,CSS,0,0,0,0,main,2026-06-25T07:21:45Z,2026-06-26T03:28:19Z,2026-06-26T03:25:50Z,11224,False,,,ABC1319,User
30,Drugnav,ABC1319/Drugnav,https://github.com/ABC1319/Drugnav,Drugnav导航，https://drugnav.pages.dev/,,HTML,0,0,0,0,main,2026-06-25T17:47:16Z,2026-06-25T17:56:58Z,2026-06-25T17:48:40Z,767,False,,,ABC1319,User
31,drug123,ABC1319/drug123,https://github.com/ABC1319/drug123,drug123导航，https://drugw.netlify.app/,https://drugw.netlify.app/,HTML,0,0,0,0,main,2026-06-24T07:05:02Z,2026-06-24T10:44:34Z,2026-06-24T10:44:31Z,2896,False,,,ABC1319,User
32,klzy,ABC1319/klzy,https://github.com/ABC1319/klzy,裤佬，个人永久发布页，https://klzy.netlify.app/,,HTML,0,0,0,0,main,2026-06-24T02:20:42Z,2026-06-24T02:59:54Z,2026-06-24T02:59:13Z,9077,False,,,ABC1319,User
33,NoteMark,ABC1319/NoteMark,https://github.com/ABC1319/NoteMark,html浏览器书签to导航,https://notemark-011.pages.dev/,TypeScript,0,0,0,0,main,2026-06-20T04:44:03Z,2026-06-22T17:46:00Z,2026-06-22T17:46:26Z,18111,False,,,ABC1319,User
34,bookmarknav,ABC1319/bookmarknav,https://github.com/ABC1319/bookmarknav,bookmark2单页导航，https://bookmarknav.13145219.xyz/,https://bookmarknav.pages.dev/,TypeScript,0,0,0,0,main,2026-06-17T17:08:09Z,2026-06-18T06:43:36Z,2026-06-18T06:00:53Z,6644,False,,,ABC1319,User
35,qiyedh,ABC1319/qiyedh,https://github.com/ABC1319/qiyedh,柒夜.https://qiyedh.pages.dev/,https://qiyedh.13145219.xyz/,TypeScript,0,0,0,0,main,2026-06-17T02:02:45Z,2026-06-17T02:11:30Z,2026-06-17T02:08:46Z,2434,False,,,ABC1319,User
36,navdh,ABC1319/navdh,https://github.com/ABC1319/navdh,导航:浏览器书签转导航：Drug导航+scinav+科研导航+药物信息检索+药学导航（drugdr）+pan+noisedh.link,https://navdh.pages.dev/,TypeScript,0,0,0,3,main,2026-06-01T04:28:11Z,2026-06-16T17:31:43Z,2026-06-16T17:32:19Z,35294,False,,,ABC1319,User
37,my-site,ABC1319/my-site,https://github.com/ABC1319/my-site,导航，https://my-site-89d.pages.dev/,https://abc1319.github.io/my-site/,TypeScript,0,0,0,0,main,2026-06-15T14:38:19Z,2026-06-15T15:25:51Z,2026-06-15T15:22:51Z,3196,False,,,ABC1319,User
38,webdesk,ABC1319/webdesk,https://github.com/ABC1319/webdesk,webdesk,https://webdesk-2rk.pages.dev/,TypeScript,0,0,0,2,main,2026-06-06T07:27:38Z,2026-06-14T15:27:29Z,2026-06-14T16:18:24Z,40449,False,,,ABC1319,User
39,webdesk-new,ABC1319/webdesk-new,https://github.com/ABC1319/webdesk-new,WebDesk（部署到 Pages Functions（后端）,https://webdesk-new.pages.dev/,TypeScript,0,0,0,0,main,2026-06-09T03:37:22Z,2026-06-14T15:19:57Z,2026-06-14T15:20:38Z,23817,False,,,ABC1319,User
40,webdesk-pro,ABC1319/webdesk-pro,https://github.com/ABC1319/webdesk-pro,WebDesk（使用 fetch 异步加载（后端变体））,https://webdesk-pro.pages.dev/,TypeScript,0,0,0,0,main,2026-06-09T04:06:21Z,2026-06-14T14:35:59Z,2026-06-14T14:36:28Z,19868,False,,,ABC1319,User
41,web-nav,ABC1319/web-nav,https://github.com/ABC1319/web-nav,webnav,https://web-nav-6xq.pages.dev/,TypeScript,0,0,0,0,main,2026-06-14T09:21:07Z,2026-06-14T11:37:13Z,2026-06-14T11:37:43Z,3237,False,,,ABC1319,User
42,AIGC,ABC1319/AIGC,https://github.com/ABC1319/AIGC,一个专为 AIGC 爱好者和开发者设计的现代化、高颜值的导航门户。采用 React + TypeScript + Tailwind CSS 开发，具备极速加载、丝滑动画和跨平台响应式体验。,https://aigc-ch4.pages.dev/,TypeScript,0,0,0,0,main,2026-06-11T14:34:07Z,2026-06-12T15:19:51Z,2026-06-12T15:20:30Z,1713,False,,,ABC1319,User
43,myhome,ABC1319/myhome,https://github.com/ABC1319/myhome,myhome,https://abc1319.github.io/myhome/,TypeScript,0,0,0,0,main,2026-06-12T03:16:18Z,2026-06-12T10:52:26Z,2026-06-12T10:52:53Z,4295,False,,,ABC1319,User
44,navita-new,ABC1319/navita-new,https://github.com/ABC1319/navita-new,完成了您的请求并优化了布局：删除了左侧边栏停靠菜单：移除了重复的左侧导航块，以实现更干净、高度专注的单列仪表板。最大化工作区空间：扩展了中央工作区区域（max-w-6xl），以充分利用水平空间为搜索引擎和开发者交互工具部分。修复显示错误：标准化并润色了交互控制标签（例如修复按钮文本翻译不一致）。,https://navita-new.pages.dev/,TypeScript,0,0,0,0,main,2026-06-12T00:38:26Z,2026-06-12T00:47:02Z,2026-06-12T00:41:56Z,169,False,,,ABC1319,User
45,webdataget,ABC1319/webdataget,https://github.com/ABC1319/webdataget,webdataget,https://abc1319.github.io/webdataget/,TypeScript,0,0,0,0,main,2026-06-11T02:12:54Z,2026-06-11T02:56:18Z,2026-06-11T02:56:35Z,492,False,,,ABC1319,User
46,navit,ABC1319/navit,https://github.com/ABC1319/navit,GitHub Actions 部署流程：创建了 /.github/workflows/deploy.yml 文件。每次推送到主分支 (main) 时，系统将自动执行项目构建并将产物发布到 gh-pages 分支。,https://navit.pages.dev/,TypeScript,0,0,0,0,main,2026-06-10T18:58:52Z,2026-06-11T02:00:52Z,2026-06-11T02:01:26Z,394,False,,,ABC1319,User
47,Agnes-AI,ABC1319/Agnes-AI,https://github.com/ABC1319/Agnes-AI,重构为了一个基于 React 18、Tailwind CSS 和 Framer Motion (motion/react) 的高颜值、扁平化 full-stack Web 应用程序,https://agnes-ai.pages.dev/,TypeScript,0,0,0,0,main,2026-06-10T04:59:43Z,2026-06-10T15:04:18Z,2026-06-10T11:32:06Z,1037,False,,,ABC1319,User
48,Pintree-laoygzs,ABC1319/Pintree-laoygzs,https://github.com/ABC1319/Pintree-laoygzs,,https://pintree-laoygzs.pages.dev/,CSS,0,0,0,0,main,2026-06-05T15:27:23Z,2026-06-10T09:03:59Z,2026-06-10T08:58:29Z,510,False,,MIT,ABC1319,User
49,awesome,ABC1319/awesome,https://github.com/ABC1319/awesome,开源优质项目收藏,,,0,0,0,0,main,2026-05-19T05:50:59Z,2026-06-04T08:30:20Z,2026-06-04T08:30:16Z,159,False,,,ABC1319,User
50,pintree-dh,ABC1319/pintree-dh,https://github.com/ABC1319/pintree-dh,pintree-浏览器书签导航，json数据20250507，pintree-pintree-old-pages搭建，地址：https://github.com/Pintree-io/pintree,https://pintree-dh.vercel.de5.net/,CSS,0,0,0,0,main,2026-05-08T09:12:10Z,2026-06-04T07:34:00Z,2026-06-04T07:33:56Z,5054,False,,MIT,ABC1319,User
51,dhnava-old1,ABC1319/dhnava-old1,https://github.com/ABC1319/dhnava-old1,个人导航：药学导航+，个人导航-V终极（版本：V2.2.9.4(固定搜索栏））,https://dhnava-old1.13145219.xyz/,TypeScript,0,0,0,0,main,2026-06-03T07:35:55Z,2026-06-03T09:47:46Z,2026-06-03T09:48:14Z,21649,False,,,ABC1319,User
52,dhnav-new1,ABC1319/dhnav-new1,https://github.com/ABC1319/dhnav-new1,书签，个人导航-V终极（版本：V2.0.9(不固定搜索栏)),https://dhnav-new1.13145219.xyz/,TypeScript,0,0,0,0,main,2026-06-03T07:34:42Z,2026-06-03T09:41:14Z,2026-06-03T09:41:53Z,14393,False,,,ABC1319,User
53,dhnavgd2,ABC1319/dhnavgd2,https://github.com/ABC1319/dhnavgd2, 书签+pan+drugdr+scinav+yanwebtop（流畅），当前版本状态：V2.2.9.3（固定搜索栏） 我们已在系统中完美编译并保留了您的最新定制版： 置顶滚动自适应：开启“固定顶部搜索栏区域”功能后，搜索面板和分类栏将独立于下方的书签网络，在页面进行垂直滚动时始终常驻在视口顶端，极大地方便了日常高频检索。 本地状态记忆：所有设置无需重复勾选，系统会自动将您的喜好安全保存在本地（localStorage）中，确保每次访问都能优雅呈现您的首选视图。 应用目前构建成功（Build Succeeded），您可以随时下载或部署预览。,https://dhnavgd2.jbt.de5.net/,TypeScript,0,0,0,0,main,2026-05-31T06:22:31Z,2026-06-03T09:17:40Z,2026-06-03T09:18:13Z,13041,False,,,ABC1319,User
54,olddh,ABC1319/olddh,https://github.com/ABC1319/olddh,dhnava-old1,https://olddh.13145219.xyz/,JavaScript,0,0,0,0,main,2026-06-03T08:26:12Z,2026-06-04T02:07:30Z,2026-06-03T09:02:15Z,14383,False,,,ABC1319,User
55,dhnava-old,ABC1319/dhnava-old,https://github.com/ABC1319/dhnava-old,药学导航+，个人导航-V终极（版本：V2.2.9.4(固定搜索栏））,https://dhnava-old.jbt.de5.net/,TypeScript,0,0,0,0,main,2026-05-30T11:13:41Z,2026-06-03T07:33:18Z,2026-06-03T07:32:00Z,14040,False,,,ABC1319,User
56,drugx,ABC1319/drugx,https://github.com/ABC1319/drugx,navdh-gh-page,https://drugx.13145219.xyz/,HTML,0,0,0,0,main,2026-06-02T06:50:17Z,2026-06-03T06:02:01Z,2026-06-03T06:01:57Z,3046,False,,,ABC1319,User
57,dhnavi,ABC1319/dhnavi,https://github.com/ABC1319/dhnavi,"scinav。V2.0.1,不固定搜索栏",https://dhnavi.jbt.de5.net/,TypeScript,0,0,0,0,main,2026-05-29T05:51:35Z,2026-05-31T09:41:59Z,2026-05-31T09:40:51Z,6528,False,,,ABC1319,User
58,dhnavq,ABC1319/dhnavq,https://github.com/ABC1319/dhnavq,"drudrd。版本：V2.0.2,不固定搜索栏。完成了对系统分类导入逻辑的更新（版本 V2.0.2），以支持 CSV 和 XLSX 文件中深层级目录结构的导入",https://dhnavq.jbt.de5.net/,TypeScript,0,0,0,0,main,2026-05-29T09:46:47Z,2026-05-31T09:38:01Z,2026-05-31T09:36:36Z,6523,False,,,ABC1319,User
59,dhnavc,ABC1319/dhnavc,https://github.com/ABC1319/dhnavc,"yanwebtop。版本：V2.2.9,固定搜索栏。date：20260530-0038",https://dhnavc.jbt.de5.net/,TypeScript,0,0,0,0,main,2026-05-29T09:32:19Z,2026-05-31T09:33:11Z,2026-05-31T09:31:54Z,6565,False,,,ABC1319,User
60,dhnav,ABC1319/dhnav,https://github.com/ABC1319/dhnav,drug 版本：V 2.0.7，不固定搜索栏导航，date：20260530-0038，链接：https://dhnav.vercel.app/,https://dhnav.jbt.de5.net/,TypeScript,1,0,1,0,main,2026-05-27T15:57:09Z,2026-05-31T09:26:23Z,2026-05-31T08:58:57Z,13388,False,,,ABC1319,User
61,dhanvgd1,ABC1319/dhanvgd1,https://github.com/ABC1319/dhanvgd1,V2.2.9.3（固定搜索栏） ,https://abc1319.github.io/dhanvgd1/,TypeScript,0,0,0,0,main,2026-05-31T06:40:35Z,2026-05-31T08:24:25Z,2026-05-31T07:52:14Z,6597,False,,,ABC1319,User
62,dhnav-new,ABC1319/dhnav-new,https://github.com/ABC1319/dhnav-new,书签，个人导航-V终极（版本：V2.0.9(不固定搜索栏)),https://dhnava-new.jbt.de5.net/,TypeScript,0,0,0,0,main,2026-05-30T15:40:01Z,2026-06-03T07:31:13Z,2026-06-03T07:31:35Z,12949,False,,,ABC1319,User
63,dhnava,ABC1319/dhnava,https://github.com/ABC1319/dhnava,"浏览器书签-卡顿，版本：V2.2.9.2,固定搜索栏+不",https://dhnava.jbt.de5.net/,TypeScript,0,0,0,0,main,2026-05-29T06:08:45Z,2026-05-31T09:28:26Z,2026-05-30T11:00:28Z,12638,False,,,ABC1319,User
64,mysite,ABC1319/mysite,https://github.com/ABC1319/mysite,浏览器书签转导航，https://mysite-gamma-flame.vercel.app,https://mysite.jbt.de5.net/,TypeScript,0,0,0,0,main,2026-05-27T09:26:12Z,2026-05-27T10:53:28Z,2026-05-27T10:53:24Z,147,False,,,ABC1319,User
65,iptvindex-new,ABC1319/iptvindex-new,https://github.com/ABC1319/iptvindex-new,iptvindex-1新版本，原项目https://github.com/ABC1319/iptvindex-1,https://iptvindex-new.13145219.xyz/,HTML,0,0,0,0,main,2026-05-24T02:48:13Z,2026-05-24T03:52:44Z,2026-05-24T03:52:40Z,87,False,,,ABC1319,User
66,new-dh,ABC1319/new-dh,https://github.com/ABC1319/new-dh,https://new-dh.jbt.de5.net/,https://abc1319.github.io/new-dh/,,0,0,0,0,main,2026-05-16T08:18:22Z,2026-05-16T08:21:15Z,2026-05-15T05:47:30Z,487,False,,,ABC1319,User
67,iLinks,ABC1319/iLinks,https://github.com/ABC1319/iLinks,iLinks · 终极灵境 | 独立滚动分类栏，https://i-links.vercel.app,https://ilinks.vercel.de5.net/,HTML,0,0,0,0,main,2026-05-12T00:22:35Z,2026-05-13T15:40:44Z,2026-05-13T15:38:02Z,489,False,,,ABC1319,User
68,pintree-pro,ABC1319/pintree-pro,https://github.com/ABC1319/pintree-pro,书签pro，https://pintree-pro.netlify.app/,https://pro-pintree.vercel.de5.net/,HTML,0,0,0,0,main,2026-05-10T12:42:21Z,2026-05-10T13:48:19Z,2026-05-10T13:48:15Z,3180,False,,MIT,ABC1319,User
69,pintree-web,ABC1319/pintree-web,https://github.com/ABC1319/pintree-web,书签分类导航，玩书签就和pintree打印复制树一样！https://github.com/hygge666/pintree-websorces,https://pintree-web.vercel.de5.net/,CSS,0,0,0,0,main,2026-05-09T14:05:44Z,2026-05-09T14:21:53Z,2026-05-09T14:20:59Z,4863,False,,MIT,ABC1319,User
70,newstyle_miaotoolnav,ABC1319/newstyle_miaotoolnav,https://github.com/ABC1319/newstyle_miaotoolnav,新UI的喵喵工具导航，https://newstyle-miaotool.netlify.app/,,TypeScript,0,0,0,0,main,2026-05-09T09:49:11Z,2026-05-09T10:12:04Z,2026-05-09T10:11:47Z,835,False,,MIT,ABC1319,User
71,navsphere0,ABC1319/navsphere0,https://github.com/ABC1319/navsphere0,,,TypeScript,0,0,0,0,main,2026-05-04T14:23:48Z,2026-05-04T14:24:15Z,2026-05-04T14:23:58Z,2992,False,,MIT,ABC1319,User
72,jgdh,ABC1319/jgdh,https://github.com/ABC1319/jgdh,导航，https://jgdh.vercel.de5.net/,https://jgdh.vercel.app,JavaScript,0,0,0,0,main,2026-05-02T17:44:58Z,2026-05-03T16:47:00Z,2026-05-03T16:46:55Z,56,False,,,ABC1319,User
73,bookmark-navigator,ABC1319/bookmark-navigator,https://github.com/ABC1319/bookmark-navigator,导航,https://bookmark-navigator.vercel.app,HTML,0,0,0,0,main,2026-05-02T09:24:52Z,2026-05-02T10:07:08Z,2026-05-02T10:07:04Z,4640,False,,MIT,ABC1319,User
74,navhubi,ABC1319/navhubi,https://github.com/ABC1319/navhubi,导航自用，js/dataManager.js在这里面设置数据文件夹，https://navhubi.vercel.de5.net/,https://navhubi.vercel.app,JavaScript,0,0,0,0,main,2026-04-22T03:18:26Z,2026-04-22T14:03:13Z,2026-04-22T14:03:08Z,27778,False,,,ABC1319,User
75,navhub6,ABC1319/navhub6,https://github.com/ABC1319/navhub6,Personal Website Navigation for Frequent Site Lookups,https://abc1319.github.io/navhub6/,,0,0,0,0,main,2026-04-22T02:21:26Z,2026-04-22T02:21:52Z,2026-04-22T01:03:38Z,1874,False,,,ABC1319,User
76,bookmarksdh,ABC1319/bookmarksdh,https://github.com/ABC1319/bookmarksdh,自用https://bookmarksdh.vercel.de5.net/,https://bookmarksdh.vercel.app,HTML,0,0,0,0,main,2026-04-21T06:02:28Z,2026-04-21T06:29:45Z,2026-04-21T06:29:41Z,8863,False,,,ABC1319,User
77,wangpandh,ABC1319/wangpandh,https://github.com/ABC1319/wangpandh,个人自用网盘导航，https://pan.vercel.de5.net/,https://wangpandh.vercel.app,HTML,0,0,0,0,main,2026-04-19T09:11:45Z,2026-06-25T03:03:27Z,2026-04-19T14:46:41Z,11943,False,,,ABC1319,User
78,Bookmark-Converter,ABC1319/Bookmark-Converter,https://github.com/ABC1319/Bookmark-Converter,Browser Bookmark Converter - Chrome/Firefox to HTML，浏览器书签格式转换器 - 支持 Chrome/Firefox 转 HTML,,,0,0,0,0,main,2026-04-20T01:44:58Z,2026-04-20T01:44:58Z,2026-04-13T18:27:42Z,8249,False,,MIT,ABC1319,User
79,music-dist,ABC1319/music-dist,https://github.com/ABC1319/music-dist,裤佬音乐网，纯前端打造，内置秋秋音乐svip爬虫接口，接入了跨域代理解决报错的问题，最高支持无损音质,https://Jsnzkpg.github.io/music,HTML,0,5,0,0,Jsnzkpg,2026-04-09T06:03:58Z,2026-04-13T04:07:41Z,2026-04-13T04:07:34Z,15,False,,,ABC1319,User
80,navsite1,ABC1319/navsite1,https://github.com/ABC1319/navsite1,飞书云文档表格为数据源制作导航，https://dcnrs5a3c00i.feishu.cn/drive/,https://navsite1.vercel.de5.net/,JavaScript,0,0,0,0,main,2026-04-12T03:51:23Z,2026-05-11T03:02:21Z,2026-04-12T03:51:33Z,8237,False,,,ABC1319,User
81,oiio-nav,ABC1319/oiio-nav,https://github.com/ABC1319/oiio-nav,一个优雅的书签收藏与分享平台，基于Cloudflare Workers构建.js/html与functions/index.js,https://oiio-nav.pages.dev/,JavaScript,0,0,0,0,main,2026-04-03T15:00:29Z,2026-05-11T03:15:12Z,2026-04-07T08:59:52Z,858,False,,MIT,ABC1319,User
82,sky,ABC1319/sky,https://github.com/ABC1319/sky,导航，托管cf,https://sky-p56.pages.dev/,JavaScript,0,0,0,0,main,2026-04-06T05:28:35Z,2026-04-06T05:40:49Z,2026-04-06T05:40:45Z,25,False,,,ABC1319,User
83,dx,ABC1319/dx,https://github.com/ABC1319/dx,,https://abc1319.github.io/dx/,,0,0,0,0,main,2026-04-13T06:15:35Z,2026-04-13T06:16:03Z,2026-04-02T14:08:07Z,83,False,,,ABC1319,User
84,pyapk-1,ABC1319/pyapk-1,https://github.com/ABC1319/pyapk-1,,,,0,0,0,0,main,2026-04-09T08:23:05Z,2026-04-09T08:23:05Z,2026-04-01T03:23:01Z,1651,False,,,ABC1319,User
85,a,ABC1319/a,https://github.com/ABC1319/a,个人导航,https://abc1319.github.io/a/,,0,0,0,0,main,2026-04-02T09:03:06Z,2026-04-02T09:06:35Z,2026-03-31T16:18:36Z,4,False,,,ABC1319,User
86,jierry-al.github.io,ABC1319/jierry-al.github.io,https://github.com/ABC1319/jierry-al.github.io,个人导航,https://abc1319.github.io/jierry-al.github.io/,,0,1,0,2,main,2026-03-31T00:59:40Z,2026-04-13T05:55:40Z,2026-03-31T00:19:39Z,40,False,,,ABC1319,User
87,my-proxy,ABC1319/my-proxy,https://github.com/ABC1319/my-proxy,githup加速,https://jierry-alt.github.io/my-proxy/,,0,0,0,0,main,2026-03-31T01:01:50Z,2026-03-31T01:01:50Z,2026-03-30T11:12:02Z,2,False,,,ABC1319,User
88,bookmarks8,ABC1319/bookmarks8,https://github.com/ABC1319/bookmarks8,♡｡Eternity.✨个人书签,https://jierry-alt.github.io/bookmarks/,,0,0,0,0,main,2026-03-31T01:00:47Z,2026-03-31T01:00:48Z,2026-03-30T02:17:18Z,8,False,,,ABC1319,User
89,pyapk0,ABC1319/pyapk0,https://github.com/ABC1319/pyapk0,聚合版github代理加速，内置海量站点自由选择，纯前端生成，全网最优雅好看的ui界面,https://pyapk.github.io,,0,0,0,0,pyapk,2026-04-09T08:16:31Z,2026-04-09T08:16:31Z,2026-03-23T08:20:37Z,54,False,,,ABC1319,User
90,ai-nev,ABC1319/ai-nev,https://github.com/ABC1319/ai-nev,本人自用ai导航，https://ai-nev.vercel.de5.net/,https://ai-nev.vercel.app/,,0,0,0,0,main,2026-05-13T13:13:17Z,2026-05-13T13:16:09Z,2026-03-22T10:43:31Z,8,False,,,ABC1319,User
91,yl77677.github.io,ABC1319/yl77677.github.io,https://github.com/ABC1319/yl77677.github.io,我的个人导航页,,,0,0,0,0,main,2026-03-23T05:49:49Z,2026-03-23T05:49:49Z,2025-12-18T15:22:54Z,12,False,,,ABC1319,User
92,navsphere8,ABC1319/navsphere8,https://github.com/ABC1319/navsphere8,,,CSS,0,0,0,0,main,2025-10-01T09:46:17Z,2025-10-01T09:46:33Z,2025-10-01T09:46:27Z,5548,False,,,ABC1319,User
93,navsphere6,ABC1319/navsphere6,https://github.com/ABC1319/navsphere6,,,CSS,0,0,0,0,main,2025-10-01T09:44:56Z,2025-10-01T09:45:10Z,2025-10-01T09:45:06Z,5548,False,,,ABC1319,User
94,nav11,ABC1319/nav11,https://github.com/ABC1319/nav11,bookmarks,https://nav11-six.vercel.app,HTML,0,0,0,0,main,2025-08-31T16:12:03Z,2025-08-31T16:27:52Z,2025-08-31T16:18:08Z,8378,False,,,ABC1319,User
95,nav22,ABC1319/nav22,https://github.com/ABC1319/nav22,书签,https://nav22-delta.vercel.app,HTML,0,0,0,0,main,2025-08-31T12:17:58Z,2025-08-31T16:25:43Z,2025-08-31T12:24:53Z,50,False,,,ABC1319,User
96,Image-Add-Watermark,ABC1319/Image-Add-Watermark,https://github.com/ABC1319/Image-Add-Watermark,Image Add Watermark 图片加水印,https://image-add-watermark.vercel.app,HTML,0,0,0,0,main,2025-06-02T02:10:39Z,2025-06-02T02:12:30Z,2025-06-02T02:11:14Z,4,False,,,ABC1319,User
97,Snavigation-,ABC1319/Snavigation-,https://github.com/ABC1319/Snavigation-,,https://snavigation6.vercel.app,JavaScript,0,0,0,0,main,2025-05-30T08:35:46Z,2025-05-30T08:40:49Z,2025-05-30T08:39:52Z,7195,False,,MIT,ABC1319,User
98,wzdh,ABC1319/wzdh,https://github.com/ABC1319/wzdh,常用的网址导航,,,0,0,0,0,gh-pages,2026-03-23T05:51:19Z,2026-03-23T05:51:19Z,2025-03-15T11:16:49Z,48,False,,MIT,ABC1319,User
99,pages,ABC1319/pages,https://github.com/ABC1319/pages,导航页,,,0,0,0,0,main,2025-09-09T14:38:51Z,2025-09-09T14:38:51Z,2024-11-19T13:18:25Z,1686,False,,,ABC1319,User
100,abyss,ABC1319/abyss,https://github.com/ABC1319/abyss,abyss网站导航,https://abyss.diudiuu.com/,,0,0,0,0,main,2026-04-14T09:25:50Z,2026-04-14T09:25:50Z,2024-06-24T03:00:39Z,2659,False,,MIT,ABC1319,User
101,onenavi,ABC1319/onenavi,https://github.com/ABC1319/onenavi,,https://onenavi.vercel.app,HTML,0,0,0,0,main,2024-01-17T12:19:20Z,2024-04-01T06:53:10Z,2024-04-15T09:58:32Z,1575,False,,,ABC1319,User
102,navigation,ABC1319/navigation,https://github.com/ABC1319/navigation,个人引导页个人主页,https://iosyyds.github.io/navigation/,,0,0,0,0,main,2024-04-11T17:51:06Z,2024-04-11T17:51:06Z,2024-04-10T13:10:02Z,3904,False,,,ABC1319,User
103,page,ABC1319/page,https://github.com/ABC1319/page,个人引导页,,,0,0,0,0,main,2024-04-11T17:43:18Z,2024-07-07T07:29:46Z,2024-04-02T02:19:26Z,1554,False,,,ABC1319,User
104,news0,ABC1319/news0,https://github.com/ABC1319/news0,,,CSS,0,0,0,0,main,2024-04-01T15:10:10Z,2024-04-01T15:10:18Z,2024-04-01T15:10:15Z,46,False,,,ABC1319,User
105,iptvindex-1,ABC1319/iptvindex-1,https://github.com/ABC1319/iptvindex-1,666,https://iptvindex-1.vercel.app,HTML,0,0,0,0,main,2024-01-13T15:22:40Z,2024-04-04T02:35:34Z,2024-03-16T02:34:18Z,18486,False,,MPL-2.0,ABC1319,User
106,searchpage,ABC1319/searchpage,https://github.com/ABC1319/searchpage,一个有用且易用的聚合主页/搜索页。,https://nxtidea.github.io/searchpage/,,0,0,0,0,master,2024-03-28T00:07:00Z,2024-03-28T00:07:00Z,2024-02-10T01:52:52Z,158,False,,,ABC1319,User
107,shuyi,ABC1319/shuyi,https://github.com/ABC1319/shuyi,,https://shuyi-navy.vercel.app,HTML,0,0,0,0,main,2024-01-29T08:24:57Z,2024-04-04T02:33:06Z,2024-01-29T08:44:07Z,10094,False,,MIT,ABC1319,User
108,lbt,ABC1319/lbt,https://github.com/ABC1319/lbt,导航,https://lbt-iota.vercel.app,HTML,1,0,1,0,main,2024-01-16T05:44:37Z,2024-04-04T02:26:39Z,2024-01-27T06:56:43Z,25421,False,,MIT,ABC1319,User
109,zydq,ABC1319/zydq,https://github.com/ABC1319/zydq,,https://zydq.vercel.app,HTML,0,0,0,0,main,2024-01-23T14:18:12Z,2024-04-01T04:40:27Z,2024-01-23T14:26:21Z,1738,False,,,ABC1319,User
110,lib,ABC1319/lib,https://github.com/ABC1319/lib,,https://lib-mocha-seven.vercel.app,HTML,2,1,2,0,main,2024-01-17T07:46:36Z,2024-03-30T15:52:04Z,2024-01-18T09:53:55Z,27401,False,,,ABC1319,User
111,blueo,ABC1319/blueo,https://github.com/ABC1319/blueo,,,HTML,0,0,0,0,main,2024-01-17T05:57:31Z,2024-01-17T06:19:49Z,2024-01-18T09:16:24Z,156,False,,,ABC1319,User
112,musictest,ABC1319/musictest,https://github.com/ABC1319/musictest,,https://musictest-xi.vercel.app,CSS,0,0,0,0,main,2024-01-17T07:43:44Z,2024-04-01T08:01:11Z,2024-01-17T07:45:40Z,66466,False,,,ABC1319,User
113,nangeo,ABC1319/nangeo,https://github.com/ABC1319/nangeo,,https://nangeo.vercel.app,CSS,0,0,0,0,main,2024-01-17T07:38:49Z,2024-04-01T08:06:11Z,2024-01-17T07:40:50Z,5229,False,,NOASSERTION,ABC1319,User
114,drugxo,ABC1319/drugxo,https://github.com/ABC1319/drugxo,,https://drugxo.vercel.app,HTML,0,0,0,0,main,2024-01-17T06:47:10Z,2026-06-25T02:55:20Z,2024-01-17T07:32:07Z,13379,False,,MIT,ABC1319,User
115,drugz,ABC1319/drugz,https://github.com/ABC1319/drugz,,https://drugz.vercel.app,HTML,0,0,0,0,main,2024-01-16T08:27:59Z,2025-09-23T06:26:19Z,2024-01-17T05:29:58Z,5067,False,,,ABC1319,User
116,IPTV1,ABC1319/IPTV1,https://github.com/ABC1319/IPTV1,,,,0,2,0,0,main,2023-12-23T14:30:23Z,2023-12-23T14:30:23Z,2023-12-23T13:37:45Z,145,False,,,ABC1319,User
117,EbookDataRename,ABC1319/EbookDataRename,https://github.com/ABC1319/EbookDataRename,,,,0,2,0,0,master,2023-11-12T03:00:52Z,2023-11-12T03:00:53Z,2023-11-10T19:45:51Z,4,False,,,ABC1319,User
118,weread.deno.dev,ABC1319/weread.deno.dev,https://github.com/ABC1319/weread.deno.dev,,,TypeScript,0,0,0,0,main,2023-11-01T08:30:07Z,2023-11-01T08:33:40Z,2023-11-01T08:30:13Z,13,False,,,ABC1319,User
119,Bule-blog,ABC1319/Bule-blog,https://github.com/ABC1319/Bule-blog,,https://bule-blog.vercel.app,HTML,0,0,0,0,main,2023-10-23T14:13:47Z,2023-11-10T05:08:32Z,2023-10-25T23:14:10Z,128,False,,,ABC1319,User
120,Blue,ABC1319/Blue,https://github.com/ABC1319/Blue,,https://blue-sigma-eosin.vercel.app,HTML,0,0,0,0,main,2023-10-25T07:45:57Z,2024-04-04T02:32:14Z,2023-10-25T23:04:51Z,135,False,,,ABC1319,User
121,AIGC-webstack666,ABC1319/AIGC-webstack666,https://github.com/ABC1319/AIGC-webstack666,花费耗时半个月精心打造，全方位多层次AIGC导航网址，一网在手，AI我有！小白卟白的专属AI导航！！,https://aigc-webstack6666.vercel.app,,1,0,1,0,main,2024-03-30T12:28:04Z,2024-04-18T13:40:44Z,2023-10-15T01:05:12Z,14596,False,,,ABC1319,User
122,ABC1319.github.io,ABC1319/ABC1319.github.io,https://github.com/ABC1319/ABC1319.github.io,,,,0,0,0,0,main,2023-08-27T10:02:24Z,2023-08-27T10:02:25Z,2023-08-27T10:02:25Z,0,False,,,ABC1319,User
123,Webstack123,ABC1319/Webstack123,https://github.com/ABC1319/Webstack123,这是我的个人网站——网址导航,https://webstack1234.vercel.app/,,0,0,0,0,main,2024-04-01T13:03:37Z,2024-04-01T14:45:02Z,2023-05-13T17:38:52Z,19253,False,,,ABC1319,User
